{"client_meta":{"background_color":{"r":0.11764705926179886,"g":0.11764705926179886,"b":0.11764705926179886,"a":1},"thumbnail_size":{"width":399,"height":127},"render_coordinates":{"x":0,"y":0,"width":2744,"height":874}},"file_name":"SQMS","developer_related_links":[],"exported_at":"2026-02-22T20:35:15.527Z"}